assetId;buyQuote
CC1;106.79541643231
CC2;69.738835752183
CC3;59
CC4;110
CC5;89.971822067085
USD;1
